{
  "eye": {
    "orientation": [
      0.24274571239948273,
      -0.7470864057540894,
      0.0629519373178482,
      0.615608274936676
    ],
    "magnitude": 0.03227958828210831,
    "position": [
      -770.7000732421875,
      -263.52178955078125,
      -71.41152954101562
    ]
  },
  "radius": 793.2212524414062,
  "type": "PERSPECTIVE"
}